{
  "artifact_notice": "reference audit full fixed SAE stability grid summary. All six predeclared cells completed; no failed cell excluded.",
  "cells": [
    {
      "artifact": "artifacts/qwen2_5_1_5b_medium_audit",
      "best_simple_method": "linear_probe",
      "best_simple_utility": 0.0015793447311107925,
      "cell": "seed17-exp2",
      "dead_feature_fraction": 0.16015625,
      "h3_direct_harmful_beats_mean": false,
      "h3_direct_harmful_beats_probe": true,
      "h3_preregistered_pass": false,
      "legacy_sae_utility_flag": false,
      "mean_benign_delta": -0.0128966734959529,
      "mean_harmful_ci": [
        -0.15485879023487753,
        -0.12756044212442177
      ],
      "mean_harmful_delta": -0.1412294071454268,
      "mean_nll_delta": -0.02079326923076923,
      "n_features": 3072,
      "probe_benign_delta": 0.018043872943291298,
      "probe_harmful_ci": [
        -0.010631125764204906,
        -0.007484814398563825
      ],
      "probe_harmful_delta": -0.009069649072793813,
      "probe_nll_delta": -0.002178485576923077,
      "random_sae_control_max": 0.008843955626854529,
      "random_sae_control_min": -0.011427441468605628,
      "random_sae_control_n": 48,
      "random_sae_empirical_p": 0.02040816326530612,
      "reconstruction_mse": 0.04143047705292702,
      "sae_benign_delta": -0.027364583428089437,
      "sae_harmful_ci": [
        -0.03857819832288302,
        -0.03225719378544734
      ],
      "sae_harmful_delta": -0.035362673722780666,
      "sae_nll_delta": 0.004281850961538462,
      "sae_utility": -0.00036910703549018265,
      "samples_per_feature": 8.016927083333334,
      "seed": 17,
      "selected_features": [
        306,
        1120,
        1415,
        1129,
        2773
      ],
      "status": "completed",
      "target_layer": 27,
      "test_records": 260,
      "training_samples": 24628,
      "variance_explained": 0.9983686153240775,
      "width": 2
    },
    {
      "artifact": "artifacts/sae-stability/qwen15b-medium-seed23-exp2",
      "best_simple_method": "linear_probe",
      "best_simple_utility": 0.0015793447311107925,
      "cell": "seed23-exp2",
      "dead_feature_fraction": 0.1399739682674408,
      "h3_direct_harmful_beats_mean": false,
      "h3_direct_harmful_beats_probe": true,
      "h3_preregistered_pass": false,
      "legacy_sae_utility_flag": false,
      "mean_benign_delta": -0.0128966734959529,
      "mean_harmful_ci": [
        -0.15413569218837297,
        -0.12785056139414125
      ],
      "mean_harmful_delta": -0.1412294071454268,
      "mean_nll_delta": -0.02079326923076923,
      "n_features": 3072,
      "probe_benign_delta": 0.018043872943291298,
      "probe_harmful_ci": [
        -0.010599805471988825,
        -0.007507856946725112
      ],
      "probe_harmful_delta": -0.009069649072793813,
      "probe_nll_delta": -0.002178485576923077,
      "random_sae_control_max": 0.005407299445225642,
      "random_sae_control_min": -0.003387779455918532,
      "random_sae_control_n": 48,
      "random_sae_empirical_p": 0.02040816326530612,
      "reconstruction_mse": 0.03716946020722389,
      "sae_benign_delta": -0.04806147401149456,
      "sae_harmful_ci": [
        -0.06606392869582542,
        -0.05655270174145698
      ],
      "sae_harmful_delta": -0.061263652031238264,
      "sae_nll_delta": -4.507211538461539e-05,
      "sae_utility": -0.0007877393410756038,
      "samples_per_feature": 8.016927083333334,
      "seed": 23,
      "selected_features": [
        2530,
        843,
        2099,
        2454,
        1694
      ],
      "status": "completed",
      "target_layer": 27,
      "test_records": 260,
      "training_samples": 24628,
      "variance_explained": 0.9985363989963979,
      "width": 2
    },
    {
      "artifact": "artifacts/sae-stability/qwen15b-medium-seed42-exp2",
      "best_simple_method": "linear_probe",
      "best_simple_utility": 0.0015793447311107925,
      "cell": "seed42-exp2",
      "dead_feature_fraction": 0.1481119841337204,
      "h3_direct_harmful_beats_mean": false,
      "h3_direct_harmful_beats_probe": true,
      "h3_preregistered_pass": false,
      "legacy_sae_utility_flag": false,
      "mean_benign_delta": -0.0128966734959529,
      "mean_harmful_ci": [
        -0.15479608934659222,
        -0.12811518339010386
      ],
      "mean_harmful_delta": -0.1412294071454268,
      "mean_nll_delta": -0.02079326923076923,
      "n_features": 3072,
      "probe_benign_delta": 0.018043872943291298,
      "probe_harmful_ci": [
        -0.01068009805220824,
        -0.007565331757068633
      ],
      "probe_harmful_delta": -0.009069649072793813,
      "probe_nll_delta": -0.002178485576923077,
      "random_sae_control_max": 0.00768506985444289,
      "random_sae_control_min": -0.004389894467133742,
      "random_sae_control_n": 48,
      "random_sae_empirical_p": 0.02040816326530612,
      "reconstruction_mse": 0.04721321165561676,
      "sae_benign_delta": -0.017147443156975965,
      "sae_harmful_ci": [
        -0.0497261295410303,
        -0.04046797045148336
      ],
      "sae_harmful_delta": -0.04502396354308495,
      "sae_nll_delta": -0.0010066105769230768,
      "sae_utility": -0.0007129475703606237,
      "samples_per_feature": 8.016927083333334,
      "seed": 42,
      "selected_features": [
        1713,
        938,
        2934,
        2636,
        643
      ],
      "status": "completed",
      "target_layer": 27,
      "test_records": 260,
      "training_samples": 24628,
      "variance_explained": 0.9981409118244604,
      "width": 2
    },
    {
      "artifact": "artifacts/sae-stability/qwen15b-medium-seed17-exp4",
      "best_simple_method": "linear_probe",
      "best_simple_utility": 0.0015793447311107925,
      "cell": "seed17-exp4",
      "dead_feature_fraction": 0.4402669370174408,
      "h3_direct_harmful_beats_mean": false,
      "h3_direct_harmful_beats_probe": true,
      "h3_preregistered_pass": false,
      "legacy_sae_utility_flag": false,
      "mean_benign_delta": -0.0128966734959529,
      "mean_harmful_ci": [
        -0.15485879023487753,
        -0.12756044212442177
      ],
      "mean_harmful_delta": -0.1412294071454268,
      "mean_nll_delta": -0.02079326923076923,
      "n_features": 6144,
      "probe_benign_delta": 0.018043872943291298,
      "probe_harmful_ci": [
        -0.010631125764204906,
        -0.007484814398563825
      ],
      "probe_harmful_delta": -0.009069649072793813,
      "probe_nll_delta": -0.002178485576923077,
      "random_sae_control_max": 0.008843955626854529,
      "random_sae_control_min": -0.011427441468605628,
      "random_sae_control_n": 48,
      "random_sae_empirical_p": 0.02040816326530612,
      "reconstruction_mse": 0.09359245747327805,
      "sae_benign_delta": -0.006168390925113972,
      "sae_harmful_ci": [
        -0.018351681668024797,
        -0.013975341904621855
      ],
      "sae_harmful_delta": -0.01613895113651569,
      "sae_nll_delta": -0.0020582932692307693,
      "sae_utility": -0.000142146532352154,
      "samples_per_feature": 4.008463541666667,
      "seed": 17,
      "selected_features": [
        2783,
        3399,
        4398,
        499,
        5033
      ],
      "status": "completed",
      "target_layer": 27,
      "test_records": 260,
      "training_samples": 24628,
      "variance_explained": 0.9963146622543404,
      "width": 4
    },
    {
      "artifact": "artifacts/sae-stability/qwen15b-medium-seed23-exp4",
      "best_simple_method": "linear_probe",
      "best_simple_utility": 0.0015793447311107925,
      "cell": "seed23-exp4",
      "dead_feature_fraction": 0.4881184995174408,
      "h3_direct_harmful_beats_mean": false,
      "h3_direct_harmful_beats_probe": true,
      "h3_preregistered_pass": false,
      "legacy_sae_utility_flag": false,
      "mean_benign_delta": -0.0128966734959529,
      "mean_harmful_ci": [
        -0.15413569218837297,
        -0.12785056139414125
      ],