{
  "causal_ablation": [
    {
      "benign_score_left_minus_right_ci": {
        "estimate": 0.06562287211418152,
        "high": 0.08126449855665364,
        "low": 0.0501794321089983
      },
      "capability_nll_left_minus_right_ci": {
        "estimate": -0.026106770833333334,
        "high": -0.019401041666666667,
        "low": -0.03281412760416667
      },
      "harmful_score_left_minus_right_ci": {
        "estimate": 0.04872217774391174,
        "high": 0.05573126782973607,
        "low": 0.041322033107280734
      },
      "interpretation": "Negative score deltas mean the left method suppresses more.",
      "left_method": "linear_probe_direction_ablation",
      "right_method": "mean_difference_direction_ablation"
    },
    {
      "benign_score_left_minus_right_ci": {
        "estimate": 0.5204193448026975,
        "high": 0.5581158012524248,
        "low": 0.4757083402636151
      },
      "capability_nll_left_minus_right_ci": {
        "estimate": 0.20390625,
        "high": 0.2222054036458333,
        "low": 0.1826806640625
      },
      "harmful_score_left_minus_right_ci": {
        "estimate": -0.03505150477091471,
        "high": -0.028609942197799686,
        "low": -0.04182125990589459
      },
      "interpretation": "Negative score deltas mean the left method suppresses more.",
      "left_method": "linear_probe_direction_ablation",
      "right_method": "sae_feature_ablation"
    },
    {
      "benign_score_left_minus_right_ci": {
        "estimate": 0.454796472688516,
        "high": 0.4966707769657174,
        "low": 0.41357671602318685
      },
      "capability_nll_left_minus_right_ci": {
        "estimate": 0.23001302083333333,
        "high": 0.2531396484374999,
        "low": 0.204814453125
      },
      "harmful_score_left_minus_right_ci": {
        "estimate": -0.08377368251482646,
        "high": -0.0702533419430256,
        "low": -0.0981302727262179
      },
      "interpretation": "Negative score deltas mean the left method suppresses more.",
      "left_method": "mean_difference_direction_ablation",
      "right_method": "sae_feature_ablation"
    }
  ],
  "selected_steering": [
    {
      "benign_score_left_minus_right_ci": {
        "estimate": -0.000532312070329984,
        "high": -0.0003408596292138102,
        "low": -0.0007119492720812559
      },
      "capability_nll_left_minus_right_ci": {
        "estimate": -0.0018229166666666667,
        "high": -0.0013671875,
        "low": -0.00234375
      },
      "harmful_score_left_minus_right_ci": {
        "estimate": -8.83936882019043e-06,
        "high": -4.9132108688354505e-06,
        "low": -1.2783507506052653e-05
      },
      "interpretation": "Negative score deltas mean the left method suppresses more.",
      "left_method": "linear_probe",
      "right_method": "mean_difference"
    },
    {
      "benign_score_left_minus_right_ci": {
        "estimate": -0.0023145886758963266,
        "high": -0.00185355285803477,
        "low": -0.002785975554337104
      },
      "capability_nll_left_minus_right_ci": {
        "estimate": 0.0004557291666666667,
        "high": 0.0009114583333333333,
        "low": 0.0
      },
      "harmful_score_left_minus_right_ci": {
        "estimate": -6.508231163024903e-05,
        "high": -5.500649412473045e-05,
        "low": -7.589330275853475e-05
      },
      "interpretation": "Negative score deltas mean the left method suppresses more.",
      "left_method": "linear_probe",
      "right_method": "sae_features"
    },
    {
      "benign_score_left_minus_right_ci": {
        "estimate": -0.0017822766055663427,
        "high": -0.0013824738375842575,
        "low": -0.002177996474007765
      },
      "capability_nll_left_minus_right_ci": {
        "estimate": 0.0022786458333333335,
        "high": 0.0027994791666666667,
        "low": 0.0017578125
      },
      "harmful_score_left_minus_right_ci": {
        "estimate": -5.6242942810058595e-05,
        "high": -4.760618011156718e-05,
        "low": -6.556168198585511e-05
      },
      "interpretation": "Negative score deltas mean the left method suppresses more.",
      "left_method": "mean_difference",
      "right_method": "sae_features"
    }
  ]
}
