{
  "failure_analysis": {
    "baseline_comparison": {
      "best_simple_method": "mean_difference",
      "best_simple_specificity_adjusted_utility": -0.005957335357864697,
      "sae_outperforms_simple_baselines": true,
      "sae_specificity_adjusted_utility": -0.004231301695108414
    },
    "category_analysis": {
      "biosecurity": {
        "baseline_behavior_gap": 0.8052316606044769,
        "mean_difference_ablation_harmful_delta": -0.1129082441329956,
        "n_records": 6,
        "sae_feature_ablation_harmful_delta": -0.007753252983093262
      },
      "coercion": {
        "baseline_behavior_gap": 0.5126232802867889,
        "mean_difference_ablation_harmful_delta": -0.07053120930989583,
        "n_records": 6,
        "sae_feature_ablation_harmful_delta": -0.0039692918459574384
      },
      "cyber": {
        "baseline_behavior_gap": 0.7454173415899277,
        "mean_difference_ablation_harmful_delta": -0.048285226027170815,
        "n_records": 6,
        "sae_feature_ablation_harmful_delta": -0.0051786502202351885
      },
      "evasion": {
        "baseline_behavior_gap": 0.8786887377500534,
        "mean_difference_ablation_harmful_delta": -0.09520465135574341,
        "n_records": 6,
        "sae_feature_ablation_harmful_delta": -0.004670719305674235
      },
      "fraud": {
        "baseline_behavior_gap": 0.7786588867505392,
        "mean_difference_ablation_harmful_delta": -0.10137784481048584,
        "n_records": 6,
        "sae_feature_ablation_harmful_delta": -0.0069930752118428545
      },
      "illicit-drugs": {
        "baseline_behavior_gap": 0.6768016070127487,
        "mean_difference_ablation_harmful_delta": -0.06653120120366414,
        "n_records": 6,
        "sae_feature_ablation_harmful_delta": -0.004796346028645833
      },
      "misinformation": {
        "baseline_behavior_gap": 0.7171459347009659,
        "mean_difference_ablation_harmful_delta": -0.055602709452311196,
        "n_records": 6,
        "sae_feature_ablation_harmful_delta": -0.0053593118985493975
      },
      "physical-security": {
        "baseline_behavior_gap": 0.8103865956266721,
        "mean_difference_ablation_harmful_delta": -0.14661717414855957,
        "n_records": 6,
        "sae_feature_ablation_harmful_delta": -0.007447580496470134
      },
      "privacy": {
        "baseline_behavior_gap": 0.5575184027353923,
        "mean_difference_ablation_harmful_delta": -0.08778921763102214,
        "n_records": 6,
        "sae_feature_ablation_harmful_delta": -0.0056100090344746905
      },
      "weapons": {
        "baseline_behavior_gap": 0.3117314179738362,
        "mean_difference_ablation_harmful_delta": -0.11138876279195149,
        "n_records": 6,
        "sae_feature_ablation_harmful_delta": -0.006721178690592448
      }
    },
    "intervention_stability": {
      "linear_probe": {
        "harmful_prompt_sign_consistency": 1.0,
        "scale_effect_correlation": 0.9974788949395448,
        "selected_scale": -1.0,
        "specificity_adjusted_utility": -0.006480808059374491,
        "validation_to_test_harmful_effect_gap": 2.722938855489096e-05
      },
      "mean_difference": {
        "harmful_prompt_sign_consistency": 1.0,
        "scale_effect_correlation": 0.9977712869704022,
        "selected_scale": -1.0,
        "specificity_adjusted_utility": -0.005957335357864697,
        "validation_to_test_harmful_effect_gap": 2.3059050242106127e-05
      },
      "sae_features": {
        "harmful_prompt_sign_consistency": 1.0,
        "scale_effect_correlation": 0.9996897840421581,
        "selected_scale": -1.0,
        "specificity_adjusted_utility": -0.004231301695108414,
        "validation_to_test_harmful_effect_gap": 8.18967819213867e-06
      }
    },
    "negative_findings": [
      "SAE feature ablation is weaker than mean_difference direction ablation on harmful-score suppression.",
      "SAE activation patching has material capability-NLL cost.",
      "SAE has fewer training activation samples than dictionary features."
    ],
    "random_ablation_control_comparison": {
      "control_effect_max": 0.00023896098136901855,
      "control_effect_min": -0.0003131270408630371,
      "empirical_one_sided_p": 0.024390243902439025,
      "n_controls": 40,
      "sae_feature_ablation_harmful_effect": -0.005849941571553548
    },
    "sae_diagnostics": {
      "active_features": 2223,
      "dead_feature_fraction": 0.457275390625,
      "feature_density": 0.007812436670064926,
      "max_prompt_feature_frequency": 1.0,
      "mean_l0": 31.999740600585938,
      "mean_prompt_feature_frequency": 0.007812500042291504,
      "n_features": 4096,
      "reconstruction_mse": 0.11892514675855637,
      "samples_per_feature": 0.9375,
      "training_samples": 3840,
      "variance_explained": 0.9962067285295094
    }
  },
  "method_comparisons": {
    "causal_ablation": [
      {
        "benign_score_left_minus_right_ci": {
          "estimate": 0.06562287211418152,
          "high": 0.08126449855665364,
          "low": 0.0501794321089983
        },
        "capability_nll_left_minus_right_ci": {
          "estimate": -0.026106770833333334,
          "high": -0.019401041666666667,
          "low": -0.03281412760416667
        },
        "harmful_score_left_minus_right_ci": {
          "estimate": 0.04872217774391174,
          "high": 0.05573126782973607,
          "low": 0.041322033107280734
        },
        "interpretation": "Negative score deltas mean the left method suppresses more.",
        "left_method": "linear_probe_direction_ablation",
        "right_method": "mean_difference_direction_ablation"
      },
      {
        "benign_score_left_minus_right_ci": {
          "estimate": 0.5204193448026975,
          "high": 0.5581158012524248,
          "low": 0.4757083402636151
        },
        "capability_nll_left_minus_right_ci": {
          "estimate": 0.20390625,
          "high": 0.2222054036458333,
          "low": 0.1826806640625
        },
        "harmful_score_left_minus_right_ci": {
          "estimate": -0.03505150477091471,
          "high": -0.028609942197799686,
          "low": -0.04182125990589459
        },
        "interpretation": "Negative score deltas mean the left method suppresses more.",
        "left_method": "linear_probe_direction_ablation",
        "right_method": "sae_feature_ablation"
      },
      {
        "benign_score_left_minus_right_ci": {
          "estimate": 0.454796472688516,
          "high": 0.4966707769657174,
          "low": 0.41357671602318685
        },
        "capability_nll_left_minus_right_ci": {
          "estimate": 0.23001302083333333,
          "high": 0.2531396484374999,
          "low": 0.204814453125
        },
        "harmful_score_left_minus_right_ci": {
          "estimate": -0.08377368251482646,
          "high": -0.0702533419430256,
          "low": -0.0981302727262179
        },
        "interpretation": "Negative score deltas mean the left method suppresses more.",
        "left_method": "mean_difference_direction_ablation",
        "right_method": "sae_feature_ablation"
      }
    ],
    "selected_steering": [
      {
        "benign_score_left_minus_right_ci": {
          "estimate": -0.000532312070329984,
          "high": -0.0003408596292138102,
          "low": -0.0007119492720812559
        },
        "capability_nll_left_minus_right_ci": {
          "estimate": -0.0018229166666666667,
          "high": -0.0013671875,
          "low": -0.00234375
        },
        "harmful_score_left_minus_right_ci": {
          "estimate": -8.83936882019043e-06,
          "high": -4.9132108688354505e-06,
          "low": -1.2783507506052653e-05
        },
        "interpretation": "Negative score deltas mean the left method suppresses more.",
        "left_method": "linear_probe",
        "right_method": "mean_difference"
      },
      {
        "benign_score_left_minus_right_ci": {
          "estimate": -0.0023145886758963266,